Id;Namn;Dag 1;Dag 2;Dag 180;Dag 181;Dag 365;Dag 366
5016;Innovative Bioresearch;2020-03-11;2020-03-12;2020-09-07;2020-09-08;2021-03-11;2021-03-12
6586;Bintex Futures;2020-08-21;2020-08-22;2021-02-17;2021-02-18;2021-08-21;2021-08-22
1596;Edgeless;2017-03-30;2017-03-31;2017-09-26;2017-09-27;2018-03-30;2018-03-31
4950;LCX;2019-12-03;2019-12-04;2020-05-31;2020-06-01;2020-12-02;2020-12-03
7096;Bridge Oracle;2020-09-17;2020-09-18;2021-03-16;2021-03-17;2021-09-17;2021-09-18
1807;Santiment;2017-07-12;2017-07-13;2018-01-08;2018-01-09;2018-07-12;2018-07-13
5453;KardiaChain;2020-04-17;2020-04-18;2020-10-14;2020-10-15;2021-04-17;2021-04-18
3657;Lambda;2019-01-02;2019-01-03;2019-07-01;2019-07-02;2020-01-02;2020-01-03
1789;Populous;2017-07-11;2017-07-12;2018-01-07;2018-01-08;2018-07-11;2018-07-12
5410;PARSIQ;2020-08-20;2020-08-21;2021-02-16;2021-02-17;2021-08-20;2021-08-21
1500;Wings;2017-01-11;2017-01-12;2017-07-10;2017-07-11;2018-01-11;2018-01-12
7288;Venus;2020-10-05;2020-10-06;2021-04-03;2021-04-04;2021-10-05;2021-10-06
1834;Pillar;2017-07-24;2017-07-25;2018-01-20;2018-01-21;2018-07-24;2018-07-25
131;Dash;2014-02-14;2014-02-15;2014-08-13;2014-08-14;2015-02-14;2015-02-15
1455;Golem;2016-11-18;2016-11-19;2017-05-17;2017-05-18;2017-11-18;2017-11-19
2135;Revain;2017-11-01;2017-11-02;2018-04-30;2018-05-01;2018-11-01;2018-11-02
5380;HUNT;2020-03-30;2020-03-31;2020-09-26;2020-09-27;2021-03-30;2021-03-31
5612;SOMESING;2020-05-21;2020-05-22;2020-11-17;2020-11-18;2021-05-21;2021-05-22
6636;Polkadot;2020-08-20;2020-08-21;2021-02-16;2021-02-17;2021-08-20;2021-08-21
1768;AdEx;2017-07-01;2017-07-02;2017-12-28;2017-12-29;2018-07-01;2018-07-02
6940;Lead Wallet;2020-09-08;2020-09-09;2021-03-07;2021-03-08;2021-09-08;2021-09-09
1955;Neblio;2017-09-12;2017-09-13;2018-03-11;2018-03-12;2018-09-12;2018-09-13
1984;Substratum;2017-09-25;2017-09-26;2018-03-24;2018-03-25;2018-09-25;2018-09-26
2130;Enjin Coin;2017-11-01;2017-11-02;2018-04-30;2018-05-01;2018-11-01;2018-11-02
2471;Smartlands;2018-01-25;2018-01-26;2018-07-24;2018-07-25;2019-01-25;2019-01-26
2099;ICON;2017-10-27;2017-10-28;2018-04-25;2018-04-26;2018-10-27;2018-10-28
1856;district0x;2017-08-03;2017-08-04;2018-01-30;2018-01-31;2018-08-03;2018-08-04
4441;Vectorspace;2019-12-04;2019-12-05;2020-06-01;2020-06-02;2020-12-03;2020-12-04
2181;Genesis Vision;2017-11-15;2017-11-16;2018-05-14;2018-05-15;2018-11-15;2018-11-16
5046;Streamity;2020-04-14;2020-04-15;2020-10-11;2020-10-12;2021-04-14;2021-04-15
1619;Skycoin;2017-04-17;2017-04-18;2017-10-14;2017-10-15;2018-04-17;2018-04-18
5805;Avalanche;2020-09-22;2020-09-23;2021-03-21;2021-03-22;2021-09-22;2021-09-23
1816;Civic;2017-07-17;2017-07-18;2018-01-13;2018-01-14;2018-07-17;2018-07-18
1779;Wagerr;2017-07-05;2017-07-06;2018-01-01;2018-01-02;2018-07-05;2018-07-06
1786;SunContract;2017-07-06;2017-07-07;2018-01-02;2018-01-03;2018-07-06;2018-07-07
1521;Komodo;2017-02-05;2017-02-06;2017-08-04;2017-08-05;2018-02-05;2018-02-06
3715;Cajutel Sarl;2019-01-31;2019-02-01;2019-07-30;2019-07-31;2020-01-31;2020-02-01
4157;Thorchain;2019-07-23;2019-07-24;2020-01-19;2020-01-20;2020-07-22;2020-07-23
2010;Cardano;2017-10-01;2017-10-02;2018-03-30;2018-03-31;2018-10-01;2018-10-02
5328;WOM;2020-03-17;2020-03-18;2020-09-13;2020-09-14;2021-03-17;2021-03-18
3581;Kleros;2018-11-01;2018-11-02;2019-04-30;2019-05-01;2019-11-01;2019-11-02
6535;Near Protocol;2020-10-13;2020-10-14;2021-04-11;2021-04-12;2021-10-13;2021-10-14
5545;NFXCoin;2020-05-06;2020-05-07;2020-11-02;2020-11-03;2021-05-06;2021-05-07
2244;PayFair;2017-12-03;2017-12-04;2018-06-01;2018-06-02;2018-12-03;2018-12-04
4760;PantheonX;2020-05-13;2020-05-14;2020-11-09;2020-11-10;2021-05-13;2021-05-14
1104;Augur;2015-10-27;2015-10-28;2016-04-24;2016-04-25;2016-10-26;2016-10-27
5632;Arweave;2020-05-27;2020-05-28;2020-11-23;2020-11-24;2021-05-27;2021-05-28
1934;Loopring;2017-08-30;2017-08-31;2018-02-26;2018-02-27;2018-08-30;2018-08-31
1376;NEO;2016-09-09;2016-09-10;2017-03-08;2017-03-09;2017-09-09;2017-09-10
1788;Metal;2017-07-09;2017-07-10;2018-01-05;2018-01-06;2018-07-09;2018-07-10
1896;0x;2017-08-16;2017-08-17;2018-02-12;2018-02-13;2018-08-16;2018-08-17
2132;Power Ledger;2017-11-01;2017-11-02;2018-04-30;2018-05-01;2018-11-01;2018-11-02
4916;Modex;2020-10-10;2020-10-11;2021-04-08;2021-04-09;2021-10-10;2021-10-11
2772;Digitex;2018-05-23;2018-05-24;2018-11-19;2018-11-20;2019-05-23;2019-05-24
2151;Autonio;2017-11-06;2017-11-07;2018-05-05;2018-05-06;2018-11-06;2018-11-07
2071;Request Network;2017-10-20;2017-10-21;2018-04-18;2018-04-19;2018-10-20;2018-10-21
2153;Aeron;2017-11-07;2017-11-08;2018-05-06;2018-05-07;2018-11-07;2018-11-08
3698;OBSERVER;2019-01-15;2019-01-16;2019-07-14;2019-07-15;2020-01-15;2020-01-16
6039;Connectome;2020-08-03;2020-08-04;2021-01-30;2021-01-31;2021-08-03;2021-08-04
1966;Decentraland;2017-09-17;2017-09-18;2018-03-16;2018-03-17;2018-09-17;2018-09-18
6957;AllianceBlock;2020-09-09;2020-09-10;2021-03-08;2021-03-09;2021-09-09;2021-09-10
1638;WeTrust;2017-04-20;2017-04-21;2017-10-17;2017-10-18;2018-04-20;2018-04-21
1454;Lykke;2016-11-14;2016-11-15;2017-05-13;2017-05-14;2017-11-14;2017-11-15
3325;Robotina;2018-09-21;2018-09-22;2019-03-20;2019-03-21;2019-09-21;2019-09-22
4644;Poseidon Network;2019-09-17;2019-09-18;2020-03-15;2020-03-16;2020-09-16;2020-09-17
1873;Blocktix;2017-08-09;2017-08-10;2018-02-05;2018-02-06;2018-08-09;2018-08-10
2021;Rchain;2017-10-06;2017-10-07;2018-04-04;2018-04-05;2018-10-06;2018-10-07
1883;Adshares;2017-08-12;2017-08-13;2018-02-08;2018-02-09;2018-08-12;2018-08-13
1556;ChronoBank;2017-02-27;2017-02-28;2017-08-26;2017-08-27;2018-02-27;2018-02-28
4715;Tokenize Emblem;2020-09-23;2020-09-24;2021-03-22;2021-03-23;2021-09-23;2021-09-24
1027;Ethereum;2015-08-07;2015-08-08;2016-02-03;2016-02-04;2016-08-06;2016-08-07
2043;Cindicator;2017-10-13;2017-10-14;2018-04-11;2018-04-12;2018-10-13;2018-10-14
1757;FunFair;2017-06-27;2017-06-28;2017-12-24;2017-12-25;2018-06-27;2018-06-28
1765;EOS;2017-07-01;2017-07-02;2017-12-28;2017-12-29;2018-07-01;2018-07-02
1684;Qtum;2017-05-24;2017-05-25;2017-11-20;2017-11-21;2018-05-24;2018-05-25
5631;Orion Protocol;2020-07-16;2020-07-17;2021-01-12;2021-01-13;2021-07-16;2021-07-17
1866;Bytom;2017-08-08;2017-08-09;2018-02-04;2018-02-05;2018-08-08;2018-08-09
1937;Po.et;2017-09-01;2017-09-02;2018-02-28;2018-03-01;2018-09-01;2018-09-02
2219;SpankChain;2017-11-23;2017-11-24;2018-05-22;2018-05-23;2018-11-23;2018-11-24
2022;Internxt;2017-10-07;2017-10-08;2018-04-05;2018-04-06;2018-10-07;2018-10-08
5001;Gric;2020-03-19;2020-03-20;2020-09-15;2020-09-16;2021-03-19;2021-03-20
2966;Fox Trading;2018-07-25;2018-07-26;2019-01-21;2019-01-22;2019-07-25;2019-07-26
2061;BlockMason;2017-10-17;2017-10-18;2018-04-15;2018-04-16;2018-10-17;2018-10-18
1759;Status;2017-06-28;2017-06-29;2017-12-25;2017-12-26;2018-06-28;2018-06-29
5690;Render Token;2020-06-11;2020-06-12;2020-12-08;2020-12-09;2021-06-11;2021-06-12
1710;Veritaseum;2017-06-08;2017-06-09;2017-12-05;2017-12-06;2018-06-08;2018-06-09
5280;BLOOMZED;2020-03-09;2020-03-10;2020-09-05;2020-09-06;2021-03-09;2021-03-10
2631;ODEM;2018-04-10;2018-04-11;2018-10-07;2018-10-08;2019-04-10;2019-04-11
2243;Dragonchain;2017-12-03;2017-12-04;2018-06-01;2018-06-02;2018-12-03;2018-12-04
4860;Era Swap Token;2020-02-26;2020-02-27;2020-08-24;2020-08-25;2021-02-25;2021-02-26
4534;Bitto Exchange;2020-04-06;2020-04-07;2020-10-03;2020-10-04;2021-04-06;2021-04-07
5426;Solana;2020-04-10;2020-04-11;2020-10-07;2020-10-08;2021-04-10;2021-04-11
584;Nativecoin;2014-09-06;2014-09-07;2015-03-05;2015-03-06;2015-09-06;2015-09-07
3708;Exosis;2019-01-28;2019-01-29;2019-07-27;2019-07-28;2020-01-28;2020-01-29
2112;Red Pulse;2017-10-28;2017-10-29;2018-04-26;2018-04-27;2018-10-28;2018-10-29
7040;UpBots;2020-09-22;2020-09-23;2021-03-21;2021-03-22;2021-09-22;2021-09-23
2907;Karatgold Coin (KBC);2018-07-06;2018-07-07;2019-01-02;2019-01-03;2019-07-06;2019-07-07
2096;Ripio Credit Network;2017-10-26;2017-10-27;2018-04-24;2018-04-25;2018-10-26;2018-10-27
3890;Matic;2019-04-28;2019-04-29;2019-10-25;2019-10-26;2020-04-27;2020-04-28
4951;Zynecoin;2019-12-30;2019-12-31;2020-06-27;2020-06-28;2020-12-29;2020-12-30
1975;ChainLink;2017-09-20;2017-09-21;2018-03-19;2018-03-20;2018-09-20;2018-09-21
2242;Qbao;2017-12-03;2017-12-04;2018-06-01;2018-06-02;2018-12-03;2018-12-04
1772;Storj;2017-07-02;2017-07-03;2017-12-29;2017-12-30;2018-07-02;2018-07-03
6245;SocialGood;2020-08-06;2020-08-07;2021-02-02;2021-02-03;2021-08-06;2021-08-07
4586;ProBit;2019-09-13;2019-09-14;2020-03-11;2020-03-12;2020-09-12;2020-09-13
2246;Cybermiles;2017-12-06;2017-12-07;2018-06-04;2018-06-05;2018-12-06;2018-12-07
1888;investFeed;2017-08-13;2017-08-14;2018-02-09;2018-02-10;2018-08-13;2018-08-14
2307;Bibox;2017-12-24;2017-12-25;2018-06-22;2018-06-23;2018-12-24;2018-12-25
1902;MyBit;2017-08-19;2017-08-20;2018-02-15;2018-02-16;2018-08-19;2018-08-20
1658;Lunyr;2017-05-01;2017-05-02;2017-10-28;2017-10-29;2018-05-01;2018-05-02
6216;Axel;2020-08-05;2020-08-06;2021-02-01;2021-02-02;2021-08-05;2021-08-06
6138;DIA DATA;2020-08-04;2020-08-05;2021-01-31;2021-02-01;2021-08-04;2021-08-05
5541;XAYA;2020-05-05;2020-05-06;2020-11-01;2020-11-02;2021-05-05;2021-05-06
5486;JACK TOKEN;2020-04-21;2020-04-22;2020-10-18;2020-10-19;2021-04-21;2021-04-22
3965;Touchcon;2019-05-24;2019-05-25;2019-11-20;2019-11-21;2020-05-23;2020-05-24
3218;Energi;2018-08-24;2018-08-25;2019-02-20;2019-02-21;2019-08-24;2019-08-25
2081;Ambrosus;2017-10-23;2017-10-24;2018-04-21;2018-04-22;2018-10-23;2018-10-24
3683;Aenco;2019-01-09;2019-01-10;2019-07-08;2019-07-09;2020-01-09;2020-01-10
5858;QAN Blockchain Platform;2021-08-27;2021-08-28;2022-02-23;2022-02-24;2022-08-27;2022-08-28
2006;COBINHOOD;2017-10-01;2017-10-02;2018-03-30;2018-03-31;2018-10-01;2018-10-02
5468;Isiklar Coin;2020-04-16;2020-04-17;2020-10-13;2020-10-14;2021-04-16;2021-04-17
5552;Hathor;2020-09-24;2020-09-25;2021-03-23;2021-03-24;2021-09-24;2021-09-25
5886;Rowan Energy Blockchain;2020-07-21;2020-07-22;2021-01-17;2021-01-18;2021-07-21;2021-07-22
3082;VinChain;2018-08-06;2018-08-07;2019-02-02;2019-02-03;2019-08-06;2019-08-07
5625;LUKSO;2020-05-25;2020-05-26;2020-11-21;2020-11-22;2021-05-25;2021-05-26
5364;MyDexPay;2020-06-22;2020-06-23;2020-12-19;2020-12-20;2021-06-22;2021-06-23
1637;iEx.ec;2017-04-20;2017-04-21;2017-10-17;2017-10-18;2018-04-20;2018-04-21
3257;GazeCoin;2018-09-07;2018-09-08;2019-03-06;2019-03-07;2019-09-07;2019-09-08
2223;BLOCKv;2017-11-28;2017-11-29;2018-05-27;2018-05-28;2018-11-28;2018-11-29
5810;bZx;2020-07-14;2020-07-15;2021-01-10;2021-01-11;2021-07-14;2021-07-15
5692;Compound;2020-06-16;2020-06-17;2020-12-13;2020-12-14;2021-06-16;2021-06-17
1839;Binance;2017-07-25;2017-07-26;2018-01-21;2018-01-22;2018-07-25;2018-07-26
3336;IQeon;2018-09-24;2018-09-25;2019-03-23;2019-03-24;2019-09-24;2019-09-25
2058;Airswap;2017-10-17;2017-10-18;2018-04-15;2018-04-16;2018-10-17;2018-10-18
3640;Livepeer;2018-12-19;2018-12-20;2019-06-17;2019-06-18;2019-12-19;2019-12-20
3714;LTO Network;2019-02-06;2019-02-07;2019-08-05;2019-08-06;2020-02-06;2020-02-07
5630;WaykiChain (WGRT/WUSD);2020-06-23;2020-06-24;2020-12-20;2020-12-21;2021-06-23;2021-06-24
2062;Aion;2017-10-18;2017-10-19;2018-04-16;2018-04-17;2018-10-18;2018-10-19
2566;Ontology;2018-03-08;2018-03-09;2018-09-04;2018-09-05;2019-03-08;2019-03-09
3418;Metadium;2018-10-09;2018-10-10;2019-04-07;2019-04-08;2019-10-09;2019-10-10
1669;Humaniq;2017-05-11;2017-05-12;2017-11-07;2017-11-08;2018-05-11;2018-05-12
3234;Xriba;2018-08-30;2018-08-31;2019-02-26;2019-02-27;2019-08-30;2019-08-31
5712;FinNexus;2020-06-18;2020-06-19;2020-12-15;2020-12-16;2021-06-18;2021-06-19
2184;Privatix;2017-11-16;2017-11-17;2018-05-15;2018-05-16;2018-11-16;2018-11-17
5117;Origin Protocol;2020-01-09;2020-01-10;2020-07-07;2020-07-08;2021-01-08;2021-01-09
4566;DigitalBits;2019-09-13;2019-09-14;2020-03-11;2020-03-12;2020-09-12;2020-09-13
5786;Lyfe;2020-06-29;2020-06-30;2020-12-26;2020-12-27;2021-06-29;2021-06-30
3724;Solve.Care;2019-02-04;2019-02-05;2019-08-03;2019-08-04;2020-02-04;2020-02-05
2213;QASH by Quoine;2017-11-21;2017-11-22;2018-05-20;2018-05-21;2018-11-21;2018-11-22
2143;Streamr;2017-11-03;2017-11-04;2018-05-02;2018-05-03;2018-11-03;2018-11-04
6704;JBOXCOIN;2020-08-27;2020-08-28;2021-02-23;2021-02-24;2021-08-27;2021-08-28
2212;Quantstamp;2017-11-21;2017-11-22;2018-05-20;2018-05-21;2018-11-21;2018-11-22
5400;Charg Coin;2020-04-03;2020-04-04;2020-09-30;2020-10-01;2021-04-03;2021-04-04
3617;ILCOIN;2018-11-27;2018-11-28;2019-05-26;2019-05-27;2019-11-27;2019-11-28
2090;LAToken;2017-10-25;2017-10-26;2018-04-23;2018-04-24;2018-10-25;2018-10-26
3621;BitNautic;2018-11-28;2018-11-29;2019-05-27;2019-05-28;2019-11-28;2019-11-29
4228;Ferrum Network;2019-08-29;2019-08-30;2020-02-25;2020-02-26;2020-08-28;2020-08-29
6865;Crypton;2020-09-03;2020-09-04;2021-03-02;2021-03-03;2021-09-03;2021-09-04
2161;Raiden Network;2017-11-08;2017-11-09;2018-05-07;2018-05-08;2018-11-08;2018-11-09
1697;Basic Attention;2017-06-01;2017-06-02;2017-11-28;2017-11-29;2018-06-01;2018-06-02
2110;DOVU;2017-10-28;2017-10-29;2018-04-26;2018-04-27;2018-10-28;2018-10-29
2236;MyWish;2017-11-28;2017-11-29;2018-05-27;2018-05-28;2018-11-28;2018-11-29
5420;SonoCoin;2020-04-14;2020-04-15;2020-10-11;2020-10-12;2021-04-14;2021-04-15
3637;AERGO;2018-12-17;2018-12-18;2019-06-15;2019-06-16;2019-12-17;2019-12-18
3735;VegaWallet;2019-02-11;2019-02-12;2019-08-10;2019-08-11;2020-02-11;2020-02-12
5880;PROPS;2020-07-20;2020-07-21;2021-01-16;2021-01-17;2021-07-20;2021-07-21
3759;Jinbi Token;2019-02-22;2019-02-23;2019-08-21;2019-08-22;2020-02-22;2020-02-23
4430;VNX Exchange;2019-12-10;2019-12-11;2020-06-07;2020-06-08;2020-12-09;2020-12-10
3737;BTU Protocol;2019-02-11;2019-02-12;2019-08-10;2019-08-11;2020-02-11;2020-02-12
4125;Noiz;2019-07-17;2019-07-18;2020-01-13;2020-01-14;2020-07-16;2020-07-17
5330;Shardus;2020-07-27;2020-07-28;2021-01-23;2021-01-24;2021-07-27;2021-07-28
4277;DECOIN;2019-09-06;2019-09-07;2020-03-04;2020-03-05;2020-09-05;2020-09-06
1784;Polybius;2017-07-06;2017-07-07;2018-01-02;2018-01-03;2018-07-06;2018-07-07
6727;Reserve;2020-08-27;2020-08-28;2021-02-23;2021-02-24;2021-08-27;2021-08-28
5161;WazirX;2020-02-06;2020-02-07;2020-08-04;2020-08-05;2021-02-05;2021-02-06
3911;Ocean Protocol;2019-05-06;2019-05-07;2019-11-02;2019-11-03;2020-05-05;2020-05-06
3704;V Systems;2019-03-05;2019-03-06;2019-09-01;2019-09-02;2020-03-04;2020-03-05
2694;Nexo;2018-05-01;2018-05-02;2018-10-28;2018-10-29;2019-05-01;2019-05-02
4189;ULTRA;2019-07-30;2019-07-31;2020-01-26;2020-01-27;2020-07-29;2020-07-30
2287;LockTrip;2017-12-18;2017-12-19;2018-06-16;2018-06-17;2018-12-18;2018-12-19
1681;Prizm;2017-05-19;2017-05-20;2017-11-15;2017-11-16;2018-05-19;2018-05-20
3628;MXC;2018-12-07;2018-12-08;2019-06-05;2019-06-06;2019-12-07;2019-12-08
4892;Marshal Lion Group Coin;2019-12-24;2019-12-25;2020-06-21;2020-06-22;2020-12-23;2020-12-24
2245;Presearch;2017-12-05;2017-12-06;2018-06-03;2018-06-04;2018-12-05;2018-12-06
7200;Bidao;2020-09-27;2020-09-28;2021-03-26;2021-03-27;2021-09-27;2021-09-28
4283;BitForex;2019-08-31;2019-09-01;2020-02-27;2020-02-28;2020-08-30;2020-08-31
1680;Aragon;2017-05-18;2017-05-19;2017-11-14;2017-11-15;2018-05-18;2018-05-19
2064;Maecenas;2017-10-18;2017-10-19;2018-04-16;2018-04-17;2018-10-18;2018-10-19
2861;GoChain;2018-06-13;2018-06-14;2018-12-10;2018-12-11;2019-06-13;2019-06-14
5278;JOYS;2020-03-06;2020-03-07;2020-09-02;2020-09-03;2021-03-06;2021-03-07
4991;Lightstreams;2020-09-08;2020-09-09;2021-03-07;2021-03-08;2021-09-08;2021-09-09
3987;BELDEX;2019-06-07;2019-06-08;2019-12-04;2019-12-05;2020-06-06;2020-06-07
1392;Plutus;2016-09-17;2016-09-18;2017-03-16;2017-03-17;2017-09-17;2017-09-18
4262;UltrAlpha;2019-12-26;2019-12-27;2020-06-23;2020-06-24;2020-12-25;2020-12-26
2299;aelf;2017-12-21;2017-12-22;2018-06-19;2018-06-20;2018-12-21;2018-12-22
3842;Caspian;2019-04-05;2019-04-06;2019-10-02;2019-10-03;2020-04-04;2020-04-05
5801;Nokenchain;2020-07-02;2020-07-03;2020-12-29;2020-12-30;2021-07-02;2021-07-03
5277;Synchrobit;2020-03-06;2020-03-07;2020-09-02;2020-09-03;2021-03-06;2021-03-07
1974;Propy;2017-09-19;2017-09-20;2018-03-18;2018-03-19;2018-09-19;2018-09-20
5204;CitiOS;2020-02-05;2020-02-06;2020-08-03;2020-08-04;2021-02-04;2021-02-05
2400;OneRoot;2018-01-15;2018-01-16;2018-07-14;2018-07-15;2019-01-15;2019-01-16
2136;Atlant;2017-11-01;2017-11-02;2018-04-30;2018-05-01;2018-11-01;2018-11-02
2620;Switcheo Network;2018-04-02;2018-04-03;2018-09-29;2018-09-30;2019-04-02;2019-04-03
1659;Gnosis;2017-05-01;2017-05-02;2017-10-28;2017-10-29;2018-05-01;2018-05-02
3301;Invictus Hyperion Fund;2018-09-17;2018-09-18;2019-03-16;2019-03-17;2019-09-17;2019-09-18
2416;Theta Network;2018-01-17;2018-01-18;2018-07-16;2018-07-17;2019-01-17;2019-01-18
2019;Viberate;2017-10-06;2017-10-07;2018-04-04;2018-04-05;2018-10-06;2018-10-07
2231;Flixxo;2017-11-26;2017-11-27;2018-05-25;2018-05-26;2018-11-26;2018-11-27
4199;Swace;2019-08-01;2019-08-02;2020-01-28;2020-01-29;2020-07-31;2020-08-01
2277;SmartMesh;2017-12-14;2017-12-15;2018-06-12;2018-06-13;2018-12-14;2018-12-15
3347;Carats.io;2018-09-26;2018-09-27;2019-03-25;2019-03-26;2019-09-26;2019-09-27
2627;TokenPay;2018-04-05;2018-04-06;2018-10-02;2018-10-03;2019-04-05;2019-04-06
1700;aeternity;2017-06-01;2017-06-02;2017-11-28;2017-11-29;2018-06-01;2018-06-02
2280;Filecoin;2017-12-13;2017-12-14;2018-06-11;2018-06-12;2018-12-13;2018-12-14
3065;Ice Rock Mining;2018-08-07;2018-08-08;2019-02-03;2019-02-04;2019-08-07;2019-08-08
4067;Cryptoindex;2019-07-04;2019-07-05;2019-12-31;2020-01-01;2020-07-03;2020-07-04
2034;Everex;2017-10-10;2017-10-11;2018-04-08;2018-04-09;2018-10-10;2018-10-11
4105;CoinMetro;2019-08-01;2019-08-02;2020-01-28;2020-01-29;2020-07-31;2020-08-01
4173;Levolution;2019-07-26;2019-07-27;2020-01-22;2020-01-23;2020-07-25;2020-07-26
3389;Tolar HashNET;2018-10-05;2018-10-06;2019-04-03;2019-04-04;2019-10-05;2019-10-06
3631;FOAM;2018-12-11;2018-12-12;2019-06-09;2019-06-10;2019-12-11;2019-12-12
5401;CoinLoan;2020-08-01;2020-08-02;2021-01-28;2021-01-29;2021-08-01;2021-08-02
1991;Rivetz;2017-09-25;2017-09-26;2018-03-24;2018-03-25;2018-09-25;2018-09-26
2279;Playkey;2017-12-20;2017-12-21;2018-06-18;2018-06-19;2018-12-20;2018-12-21
4118;The Force Protocol;2019-07-17;2019-07-18;2020-01-13;2020-01-14;2020-07-16;2020-07-17
4066;chiliZ;2019-07-01;2019-07-02;2019-12-28;2019-12-29;2020-06-30;2020-07-01
3741;Eurocoinpay;2019-02-14;2019-02-15;2019-08-13;2019-08-14;2020-02-14;2020-02-15
4289;ioeX;2019-08-26;2019-08-27;2020-02-22;2020-02-23;2020-08-25;2020-08-26
5538;BuzzShow;2020-05-05;2020-05-06;2020-11-01;2020-11-02;2021-05-05;2021-05-06
5623;Skillchain;2020-05-25;2020-05-26;2020-11-21;2020-11-22;2021-05-25;2021-05-26
2237;EventChain;2017-11-29;2017-11-30;2018-05-28;2018-05-29;2018-11-29;2018-11-30
3914;GlitzKoin;2019-05-07;2019-05-08;2019-11-03;2019-11-04;2020-05-06;2020-05-07
1982;KyberNetwork;2017-09-24;2017-09-25;2018-03-23;2018-03-24;2018-09-24;2018-09-25
2602;Napoleon X;2018-03-21;2018-03-22;2018-09-17;2018-09-18;2019-03-21;2019-03-22
5647;Kadena;2020-05-31;2020-06-01;2020-11-27;2020-11-28;2021-05-31;2021-06-01
4103;Fleta;2019-07-16;2019-07-17;2020-01-12;2020-01-13;2020-07-15;2020-07-16
1948;Aventus;2017-09-06;2017-09-07;2018-03-05;2018-03-06;2018-09-06;2018-09-07
4300;VideoCoin;2019-08-28;2019-08-29;2020-02-24;2020-02-25;2020-08-27;2020-08-28
5444;Cartesi;2020-04-23;2020-04-24;2020-10-20;2020-10-21;2021-04-23;2021-04-24
4056;Ampleforth;2019-06-28;2019-06-29;2019-12-25;2019-12-26;2020-06-27;2020-06-28
5337;iOWN Token;2020-05-04;2020-05-05;2020-10-31;2020-11-01;2021-05-04;2021-05-05
3323;Paycent;2018-09-21;2018-09-22;2019-03-20;2019-03-21;2019-09-21;2019-09-22
3141;Blockpass;2018-08-10;2018-08-11;2019-02-06;2019-02-07;2019-08-10;2019-08-11
3843;Bolt;2019-04-05;2019-04-06;2019-10-02;2019-10-03;2020-04-04;2020-04-05
7321;youengine;2020-10-06;2020-10-07;2021-04-04;2021-04-05;2021-10-06;2021-10-07
2289;GIFTO;2017-12-18;2017-12-19;2018-06-16;2018-06-17;2018-12-18;2018-12-19
2137;Electroneum;2017-11-02;2017-11-03;2018-05-01;2018-05-02;2018-11-02;2018-11-03
1930;Primas;2017-08-28;2017-08-29;2018-02-24;2018-02-25;2018-08-28;2018-08-29
2748;Loki;2018-05-21;2018-05-22;2018-11-17;2018-11-18;2019-05-21;2019-05-22
5474;Ixinium;2020-04-22;2020-04-23;2020-10-19;2020-10-20;2021-04-22;2021-04-23
1830;SKinCoin;2017-07-21;2017-07-22;2018-01-17;2018-01-18;2018-07-21;2018-07-22
1715;MobileGo;2017-06-11;2017-06-12;2017-12-08;2017-12-09;2018-06-11;2018-06-12
2554;Lympo;2018-03-01;2018-03-02;2018-08-28;2018-08-29;2019-03-01;2019-03-02
5640;PointPay;2020-05-28;2020-05-29;2020-11-24;2020-11-25;2021-05-28;2021-05-29
2776;Travala;2018-05-28;2018-05-29;2018-11-24;2018-11-25;2019-05-28;2019-05-29
2943;Rocket Pool;2018-07-18;2018-07-19;2019-01-14;2019-01-15;2019-07-18;2019-07-19
1931;Opus;2017-08-29;2017-08-30;2018-02-25;2018-02-26;2018-08-29;2018-08-30
2929;Truegame;2018-07-18;2018-07-19;2019-01-14;2019-01-15;2019-07-18;2019-07-19
4642;Hedera Hashgraph;2019-09-17;2019-09-18;2020-03-15;2020-03-16;2020-09-16;2020-09-17
3840;1irstcoin;2019-04-08;2019-04-09;2019-10-05;2019-10-06;2020-04-07;2020-04-08
3936;GNY IO;2019-05-14;2019-05-15;2019-11-10;2019-11-11;2020-05-13;2020-05-14
1967;Indorse;2017-09-19;2017-09-20;2018-03-18;2018-03-19;2018-09-19;2018-09-20
3764;Save Environment Token;2019-02-26;2019-02-27;2019-08-25;2019-08-26;2020-02-26;2020-02-27
3814;Celer Network;2019-03-25;2019-03-26;2019-09-21;2019-09-22;2020-03-24;2020-03-25
1947;Monetha;2017-09-06;2017-09-07;2018-03-05;2018-03-06;2018-09-06;2018-09-07
4846;KAVA;2019-10-25;2019-10-26;2020-04-22;2020-04-23;2020-10-24;2020-10-25
2291;Genaro;2017-12-18;2017-12-19;2018-06-16;2018-06-17;2018-12-18;2018-12-19
1949;Agrello;2017-09-09;2017-09-10;2018-03-08;2018-03-09;2018-09-09;2018-09-10
4119;VinDAX;2019-07-17;2019-07-18;2020-01-13;2020-01-14;2020-07-16;2020-07-17
4250;Zeux;2019-08-14;2019-08-15;2020-02-10;2020-02-11;2020-08-13;2020-08-14
2346;WaykiChain;2018-01-09;2018-01-10;2018-07-08;2018-07-09;2019-01-09;2019-01-10
6933;nuco.cloud;2020-09-08;2020-09-09;2021-03-07;2021-03-08;2021-09-08;2021-09-09
1085;Swing;2015-09-28;2015-09-29;2016-03-26;2016-03-27;2016-09-27;2016-09-28
2503;DMarket;2018-02-03;2018-02-04;2018-08-02;2018-08-03;2019-02-03;2019-02-04
2501;Adbank;2018-02-03;2018-02-04;2018-08-02;2018-08-03;2019-02-03;2019-02-04
2309;SophiaTX;2017-12-26;2017-12-27;2018-06-24;2018-06-25;2018-12-26;2018-12-27
2576;TOKENOMY;2018-03-10;2018-03-11;2018-09-06;2018-09-07;2019-03-10;2019-03-11
5168;Bitcoin Classic;2020-02-10;2020-02-11;2020-08-08;2020-08-09;2021-02-09;2021-02-10
1229;DigixDAO;2016-04-18;2016-04-19;2016-10-15;2016-10-16;2017-04-18;2017-04-19
2949;Kryll.io;2018-07-19;2018-07-20;2019-01-15;2019-01-16;2019-07-19;2019-07-20
4679;Band Protocol;2019-09-18;2019-09-19;2020-03-16;2020-03-17;2020-09-17;2020-09-18
6180;SUKU;2020-08-04;2020-08-05;2021-01-31;2021-02-01;2021-08-04;2021-08-05
3327;SIX.Network;2018-09-21;2018-09-22;2019-03-20;2019-03-21;2019-09-21;2019-09-22
3138;Noku;2018-08-10;2018-08-11;2019-02-06;2019-02-07;2019-08-10;2019-08-11
3953;Evedo;2019-05-21;2019-05-22;2019-11-17;2019-11-18;2020-05-20;2020-05-21
2578;TE-FOOD;2018-03-10;2018-03-11;2018-09-06;2018-09-07;2019-03-10;2019-03-11
2474;Matrix;2018-01-27;2018-01-28;2018-07-26;2018-07-27;2019-01-27;2019-01-28
4293;Perlin;2019-08-26;2019-08-27;2020-02-22;2020-02-23;2020-08-25;2020-08-26
2303;MediBloc;2017-12-22;2017-12-23;2018-06-20;2018-06-21;2018-12-22;2018-12-23
5509;AAX Token;2020-04-24;2020-04-25;2020-10-21;2020-10-22;2021-04-24;2021-04-25
1721;Mysterium;2017-06-14;2017-06-15;2017-12-11;2017-12-12;2018-06-14;2018-06-15
6500;ThreeFold Network;2020-08-10;2020-08-11;2021-02-06;2021-02-07;2021-08-10;2021-08-11
2505;Bluzelle;2018-02-06;2018-02-07;2018-08-05;2018-08-06;2019-02-06;2019-02-07
2570;Tomocoin;2018-03-08;2018-03-09;2018-09-04;2018-09-05;2019-03-08;2019-03-09
2727;Bezant;2018-05-11;2018-05-12;2018-11-07;2018-11-08;2019-05-11;2019-05-12
2556;CREDITS;2018-03-03;2018-03-04;2018-08-30;2018-08-31;2019-03-03;2019-03-04
2444;Crypto20;2018-01-22;2018-01-23;2018-07-21;2018-07-22;2019-01-22;2019-01-23
2686;Lendingblock;2018-05-01;2018-05-02;2018-10-28;2018-10-29;2019-05-01;2019-05-02
2467;OriginTrail;2018-01-25;2018-01-26;2018-07-24;2018-07-25;2019-01-25;2019-01-26
2873;Metronome;2018-06-26;2018-06-27;2018-12-23;2018-12-24;2019-06-26;2019-06-27
4299;ToKoin;2019-08-28;2019-08-29;2020-02-24;2020-02-25;2020-08-27;2020-08-28
2546;REMME;2018-02-26;2018-02-27;2018-08-25;2018-08-26;2019-02-26;2019-02-27
2638;Cortex;2018-04-16;2018-04-17;2018-10-13;2018-10-14;2019-04-16;2019-04-17
2759;Patron;2018-05-22;2018-05-23;2018-11-18;2018-11-19;2019-05-22;2019-05-23
3156;Airbloc;2018-08-13;2018-08-14;2019-02-09;2019-02-10;2019-08-13;2019-08-14
2481;Zeepin;2018-01-30;2018-01-31;2018-07-29;2018-07-30;2019-01-30;2019-01-31
2070;DomRaider;2017-10-19;2017-10-20;2018-04-17;2018-04-18;2018-10-19;2018-10-20
2544;Nucleus;2018-02-26;2018-02-27;2018-08-25;2018-08-26;2019-02-26;2019-02-27
2507;TheKEY;2018-02-07;2018-02-08;2018-08-06;2018-08-07;2019-02-07;2019-02-08
2584;Debitum Network;2018-03-13;2018-03-14;2018-09-09;2018-09-10;2019-03-13;2019-03-14
2571;GRAFT Blockchain;2018-03-09;2018-03-10;2018-09-05;2018-09-06;2019-03-09;2019-03-10
5200;Gleec Coin;2020-02-04;2020-02-05;2020-08-02;2020-08-03;2021-02-03;2021-02-04
7247;TIMERS;2020-10-10;2020-10-11;2021-04-08;2021-04-09;2021-10-10;2021-10-11
2492;Elastos;2018-02-01;2018-02-02;2018-07-31;2018-08-01;2019-02-01;2019-02-02
2288;WorldCore;2017-12-18;2017-12-19;2018-06-16;2018-06-17;2018-12-18;2018-12-19
3835;Orbs;2019-04-03;2019-04-04;2019-09-30;2019-10-01;2020-04-02;2020-04-03
7044;ZYRO Chain;2020-09-14;2020-09-15;2021-03-13;2021-03-14;2021-09-14;2021-09-15
5919;Meter;2020-07-27;2020-07-28;2021-01-23;2021-01-24;2021-07-27;2021-07-28
6194;Geeq;2020-08-07;2020-08-08;2021-02-03;2021-02-04;2021-08-07;2021-08-08
5070;Tap;2019-12-24;2019-12-25;2020-06-21;2020-06-22;2020-12-23;2020-12-24
2321;QLC Chain;2017-12-29;2017-12-30;2018-06-27;2018-06-28;2018-12-29;2018-12-30
2601;1World;2018-03-21;2018-03-22;2018-09-17;2018-09-18;2019-03-21;2019-03-22
2709;Morpheus Infrastructure Token;2018-05-04;2018-05-05;2018-10-31;2018-11-01;2019-05-04;2019-05-05
2690;Biotron.io;2018-05-01;2018-05-02;2018-10-28;2018-10-29;2019-05-01;2019-05-02
5270;FreeCash;2020-03-09;2020-03-10;2020-09-05;2020-09-06;2021-03-09;2021-03-10
4273;SESSIA;2019-08-21;2019-08-22;2020-02-17;2020-02-18;2020-08-20;2020-08-21
2323;Hero;2018-01-02;2018-01-03;2018-07-01;2018-07-02;2019-01-02;2019-01-03
2305;NAGA;2017-12-23;2017-12-24;2018-06-21;2018-06-22;2018-12-23;2018-12-24
2306;Bread;2017-12-24;2017-12-25;2018-06-22;2018-06-23;2018-12-24;2018-12-25
5489;Sudan Gold Coin;2020-04-24;2020-04-25;2020-10-21;2020-10-22;2021-04-24;2021-04-25
3147;HYCON;2018-08-10;2018-08-11;2019-02-06;2019-02-07;2019-08-10;2019-08-11
2482;CPChain;2018-01-30;2018-01-31;2018-07-29;2018-07-30;2019-01-30;2019-01-31
4060;TrustVerse;2019-07-18;2019-07-19;2020-01-14;2020-01-15;2020-07-17;2020-07-18
2763;Morpheus Network;2018-05-22;2018-05-23;2018-11-18;2018-11-19;2019-05-22;2019-05-23
1708;Patientory;2017-06-06;2017-06-07;2017-12-03;2017-12-04;2018-06-06;2018-06-07
3993;Emanate;2019-06-05;2019-06-06;2019-12-02;2019-12-03;2020-06-04;2020-06-05
2478;CoinFi;2018-01-29;2018-01-30;2018-07-28;2018-07-29;2019-01-29;2019-01-30
2429;Mobius Network;2018-01-20;2018-01-21;2018-07-19;2018-07-20;2019-01-20;2019-01-21
2320;UTRUST;2017-12-29;2017-12-30;2018-06-27;2018-06-28;2018-12-29;2018-12-30
5587;2Key;2020-05-14;2020-05-15;2020-11-10;2020-11-11;2021-05-14;2021-05-15
2933;Bitmart;2018-07-13;2018-07-14;2019-01-09;2019-01-10;2019-07-13;2019-07-14
2606;Wanchain;2018-03-23;2018-03-24;2018-09-19;2018-09-20;2019-03-23;2019-03-24
4036;Contentos;2019-06-20;2019-06-21;2019-12-17;2019-12-18;2020-06-19;2020-06-20
2530;Fusion;2018-02-16;2018-02-17;2018-08-15;2018-08-16;2019-02-16;2019-02-17
2549;Ink Protocol;2018-02-28;2018-03-01;2018-08-27;2018-08-28;2019-02-28;2019-03-01
3866;CONUN;2019-04-17;2019-04-18;2019-10-14;2019-10-15;2020-04-16;2020-04-17
3690;Bulleon;2019-01-10;2019-01-11;2019-07-09;2019-07-10;2020-01-10;2020-01-11
4092;Dusk Network;2019-07-11;2019-07-12;2020-01-07;2020-01-08;2020-07-10;2020-07-11
2676;PHI Token;2018-04-25;2018-04-26;2018-10-22;2018-10-23;2019-04-25;2019-04-26
2677;LinkerCoin;2018-04-25;2018-04-26;2018-10-22;2018-10-23;2019-04-25;2019-04-26
2699;sharder protocol;2018-05-03;2018-05-04;2018-10-30;2018-10-31;2019-05-03;2019-05-04
3094;Scorum;2018-08-07;2018-08-08;2019-02-03;2019-02-04;2019-08-07;2019-08-08
2528;Dether;2018-02-15;2018-02-16;2018-08-14;2018-08-15;2019-02-15;2019-02-16
2552;IHT Coin;2018-03-01;2018-03-02;2018-08-28;2018-08-29;2019-03-01;2019-03-02
2700;Celsius;2018-05-03;2018-05-04;2018-10-30;2018-10-31;2019-05-03;2019-05-04
2295;Starbase;2017-12-20;2017-12-21;2018-06-18;2018-06-19;2018-12-20;2018-12-21
3978;Chromia;2019-05-28;2019-05-29;2019-11-24;2019-11-25;2020-05-27;2020-05-28
2882;0chain;2018-07-02;2018-07-03;2018-12-29;2018-12-30;2019-07-02;2019-07-03
4238;everiToken;2019-08-12;2019-08-13;2020-02-08;2020-02-09;2020-08-11;2020-08-12
2490;CargoX;2018-01-31;2018-02-01;2018-07-30;2018-07-31;2019-01-31;2019-02-01
2462;AidCoin;2018-01-24;2018-01-25;2018-07-23;2018-07-24;2019-01-24;2019-01-25
4191;NOIA Network;2019-07-31;2019-08-01;2020-01-27;2020-01-28;2020-07-30;2020-07-31
2548;POA Network;2018-02-28;2018-03-01;2018-08-27;2018-08-28;2019-02-28;2019-03-01
2913;DatabrokerDAO;2018-07-11;2018-07-12;2019-01-07;2019-01-08;2019-07-11;2019-07-12
2840;QuarkChain;2018-06-04;2018-06-05;2018-12-01;2018-12-02;2019-06-04;2019-06-05
2447;Crypterium;2018-01-22;2018-01-23;2018-07-21;2018-07-22;2019-01-22;2019-01-23
2310;bounty0x;2017-12-26;2017-12-27;2018-06-24;2018-06-25;2018-12-26;2018-12-27
2286;MicroMoney;2017-12-18;2017-12-19;2018-06-16;2018-06-17;2018-12-18;2018-12-19
3874;irisnet;2019-04-18;2019-04-19;2019-10-15;2019-10-16;2020-04-17;2020-04-18
5478;ECOSC.io;2020-04-20;2020-04-21;2020-10-17;2020-10-18;2021-04-20;2021-04-21
2506;Swarm Fund;2018-02-07;2018-02-08;2018-08-06;2018-08-07;2019-02-07;2019-02-08
2666;Effect.AI;2018-04-24;2018-04-25;2018-10-21;2018-10-22;2019-04-24;2019-04-25
2340;Bloom;2018-01-15;2018-01-16;2018-07-14;2018-07-15;2019-01-15;2019-01-16
2624;Sentinel Chain;2018-04-02;2018-04-03;2018-09-29;2018-09-30;2019-04-02;2019-04-03
2371;United Traders;2018-01-11;2018-01-12;2018-07-10;2018-07-11;2019-01-11;2019-01-12
2970;LocalCoinSwap;2018-07-25;2018-07-26;2019-01-21;2019-01-22;2019-07-25;2019-07-26
5220;QURAS;2020-02-11;2020-02-12;2020-08-09;2020-08-10;2021-02-10;2021-02-11
1727;Bancor;2017-06-18;2017-06-19;2017-12-15;2017-12-16;2018-06-18;2018-06-19
4927;RigoBlock;2020-07-22;2020-07-23;2021-01-18;2021-01-19;2021-07-22;2021-07-23
2675;dock.io;2018-04-25;2018-04-26;2018-10-22;2018-10-23;2019-04-25;2019-04-26
2011;Tezos;2017-10-02;2017-10-03;2018-03-31;2018-04-01;2018-10-02;2018-10-03
2464;Devery;2018-01-24;2018-01-25;2018-07-23;2018-07-24;2019-01-24;2019-01-25
2545;Arcblock;2018-02-26;2018-02-27;2018-08-25;2018-08-26;2019-02-26;2019-02-27
4172;Terra;2019-07-26;2019-07-27;2020-01-22;2020-01-23;2020-07-25;2020-07-26
1758;TenX;2017-06-27;2017-06-28;2017-12-24;2017-12-25;2018-06-27;2018-06-28
2511;WePower;2018-02-09;2018-02-10;2018-08-08;2018-08-09;2019-02-09;2019-02-10
3285;Birake;2018-09-13;2018-09-14;2019-03-12;2019-03-13;2019-09-13;2019-09-14
3171;HeartBout;2018-08-14;2018-08-15;2019-02-10;2019-02-11;2019-08-14;2019-08-15
2760;Libra Credit;2018-05-22;2018-05-23;2018-11-18;2018-11-19;2019-05-22;2019-05-23
2529;Cashaa;2018-02-15;2018-02-16;2018-08-14;2018-08-15;2019-02-15;2019-02-16
2256;Bonpay;2017-12-07;2017-12-08;2018-06-05;2018-06-06;2018-12-07;2018-12-08
2628;Rentberry;2018-04-07;2018-04-08;2018-10-04;2018-10-05;2019-04-07;2019-04-08
2876;Ternio;2018-06-27;2018-06-28;2018-12-24;2018-12-25;2019-06-27;2019-06-28
2564;HOQU;2018-03-08;2018-03-09;2018-09-04;2018-09-05;2019-03-08;2019-03-09
2499;SwissBorg;2018-02-03;2018-02-04;2018-08-02;2018-08-03;2019-02-03;2019-02-04
6701;Burency;2020-08-30;2020-08-31;2021-02-26;2021-02-27;2021-08-30;2021-08-31
2300;WAX;2017-12-21;2017-12-22;2018-06-19;2018-06-20;2018-12-21;2018-12-22
3644;TravelNote;2018-12-26;2018-12-27;2019-06-24;2019-06-25;2019-12-26;2019-12-27
3992;COTI;2019-06-04;2019-06-05;2019-12-01;2019-12-02;2020-06-03;2020-06-04
2725;Skrumble Network;2018-05-10;2018-05-11;2018-11-06;2018-11-07;2019-05-10;2019-05-11
2758;Unibright;2018-05-21;2018-05-22;2018-11-17;2018-11-18;2019-05-21;2019-05-22
4245;Enecuum;2019-08-13;2019-08-14;2020-02-09;2020-02-10;2020-08-12;2020-08-13
2569;CoinPoker;2018-03-08;2018-03-09;2018-09-04;2018-09-05;2019-03-08;2019-03-09
2513;GoldMint;2018-02-09;2018-02-10;2018-08-08;2018-08-09;2019-02-09;2019-02-10
6654;Crypto Price Index;2020-08-20;2020-08-21;2021-02-16;2021-02-17;2021-08-20;2021-08-21
3846;VeriBlock;2019-04-05;2019-04-06;2019-10-02;2019-10-03;2020-04-04;2020-04-05
3763;ODUWA;2019-02-25;2019-02-26;2019-08-24;2019-08-25;2020-02-25;2020-02-26
3883;QuickX Protocol;2019-04-25;2019-04-26;2019-10-22;2019-10-23;2020-04-24;2020-04-25
2585;Centrality;2018-03-13;2018-03-14;2018-09-09;2018-09-10;2019-03-13;2019-03-14
2937;Vite;2018-07-18;2018-07-19;2019-01-14;2019-01-15;2019-07-18;2019-07-19
2452;Tokenbox;2018-01-24;2018-01-25;2018-07-23;2018-07-24;2019-01-24;2019-01-25
2424;SingularityNET;2018-01-19;2018-01-20;2018-07-18;2018-07-19;2019-01-19;2019-01-20
2726;DAOstack;2018-05-10;2018-05-11;2018-11-06;2018-11-07;2019-05-10;2019-05-11
4894;RingX;2020-06-26;2020-06-27;2020-12-23;2020-12-24;2021-06-26;2021-06-27
2555;SETHER;2018-03-01;2018-03-02;2018-08-28;2018-08-29;2019-03-01;2019-03-02
2685;Zebi;2018-04-30;2018-05-01;2018-10-27;2018-10-28;2019-04-30;2019-05-01
2248;Cappasity;2017-12-06;2017-12-07;2018-06-04;2018-06-05;2018-12-06;2018-12-07
2667;FintruX;2018-04-23;2018-04-24;2018-10-20;2018-10-21;2019-04-23;2019-04-24
2827;Phantasma;2018-05-28;2018-05-29;2018-11-24;2018-11-25;2019-05-28;2019-05-29
2558;Insights Network;2018-03-03;2018-03-04;2018-08-30;2018-08-31;2019-03-03;2019-03-04
3929;BQT;2019-05-10;2019-05-11;2019-11-06;2019-11-07;2020-05-09;2020-05-10
2679;Decentralized Machine Learning;2018-04-30;2018-05-01;2018-10-27;2018-10-28;2019-04-30;2019-05-01
4030;Algorand;2019-06-21;2019-06-22;2019-12-18;2019-12-19;2020-06-20;2020-06-21
2838;Pchain;2018-06-04;2018-06-05;2018-12-01;2018-12-02;2019-06-04;2019-06-05
2780;NKN;2018-05-28;2018-05-29;2018-11-24;2018-11-25;2019-05-28;2019-05-29
2337;Lamden;2018-01-08;2018-01-09;2018-07-07;2018-07-08;2019-01-08;2019-01-09
5397;Castweet;2020-03-31;2020-04-01;2020-09-27;2020-09-28;2021-03-31;2021-04-01
2990;EXMR FDN;2018-08-01;2018-08-02;2019-01-28;2019-01-29;2019-08-01;2019-08-02
2348;Measurable Data Token;2018-01-09;2018-01-10;2018-07-08;2018-07-09;2019-01-09;2019-01-10
1214;Lisk;2016-04-06;2016-04-07;2016-10-03;2016-10-04;2017-04-06;2017-04-07
3733;S4FE;2019-02-07;2019-02-08;2019-08-06;2019-08-07;2020-02-07;2020-02-08
2653;Auctus;2018-04-20;2018-04-21;2018-10-17;2018-10-18;2019-04-20;2019-04-21
2343;CanYa;2018-01-08;2018-01-09;2018-07-07;2018-07-08;2019-01-08;2019-01-09
2276;Ignis;2017-12-13;2017-12-14;2018-06-11;2018-06-12;2018-12-13;2018-12-14
2459;indaHash;2018-01-24;2018-01-25;2018-07-23;2018-07-24;2019-01-24;2019-01-25
3789;BolttCoin;2019-03-12;2019-03-13;2019-09-08;2019-09-09;2020-03-11;2020-03-12
5165;Freight Trust;2020-04-24;2020-04-25;2020-10-21;2020-10-22;2021-04-24;2021-04-25
6249;Ziktalk;2020-08-06;2020-08-07;2021-02-02;2021-02-03;2021-08-06;2021-08-07
4917;DEXA Coin;2020-02-19;2020-02-20;2020-08-17;2020-08-18;2021-02-18;2021-02-19
6655;Krosscoin;2020-08-24;2020-08-25;2021-02-20;2021-02-21;2021-08-24;2021-08-25
4102;TranslateMe;2019-07-18;2019-07-19;2020-01-14;2020-01-15;2020-07-17;2020-07-18
6446;Fashion Coin;2020-08-14;2020-08-15;2021-02-10;2021-02-11;2021-08-14;2021-08-15
6326;X-Block;2020-08-07;2020-08-08;2021-02-03;2021-02-04;2021-08-07;2021-08-08
5807;Release Project;2020-07-03;2020-07-04;2020-12-30;2020-12-31;2021-07-03;2021-07-04
4495;Vena Network;2019-09-17;2019-09-18;2020-03-15;2020-03-16;2020-09-16;2020-09-17
6113;Blackpearl;2020-08-04;2020-08-05;2021-01-31;2021-02-01;2021-08-04;2021-08-05
4089;Link by BlockMason;2019-07-08;2019-07-09;2020-01-04;2020-01-05;2020-07-07;2020-07-08
3587;Bgogo;2018-11-02;2018-11-03;2019-05-01;2019-05-02;2019-11-02;2019-11-03
5554;Vanywhere;2020-05-08;2020-05-09;2020-11-04;2020-11-05;2021-05-08;2021-05-09
4176;Dapp.com;2019-07-26;2019-07-27;2020-01-22;2020-01-23;2020-07-25;2020-07-26
5702;MONNOS;2020-06-17;2020-06-18;2020-12-14;2020-12-15;2021-06-17;2021-06-18
6256;Sheng World;2020-08-06;2020-08-07;2021-02-02;2021-02-03;2021-08-06;2021-08-07
3849;WhenHub;2019-04-09;2019-04-10;2019-10-06;2019-10-07;2020-04-08;2020-04-09
4196;Pledgecamp;2019-08-24;2019-08-25;2020-02-20;2020-02-21;2020-08-23;2020-08-24
4695;Echoin;2019-09-23;2019-09-24;2020-03-21;2020-03-22;2020-09-22;2020-09-23
6564;ZenSports;2020-08-12;2020-08-13;2021-02-08;2021-02-09;2021-08-12;2021-08-13
2950;LemoChain;2018-07-19;2018-07-20;2019-01-15;2019-01-16;2019-07-19;2019-07-20
3860;Blockcloud;2019-04-11;2019-04-12;2019-10-08;2019-10-09;2020-04-10;2020-04-11
2906;Essentia;2018-07-06;2018-07-07;2019-01-02;2019-01-03;2019-07-06;2019-07-07
5253;The Hustle App;2020-02-25;2020-02-26;2020-08-23;2020-08-24;2021-02-24;2021-02-25
5518;Torex;2020-04-29;2020-04-30;2020-10-26;2020-10-27;2021-04-29;2021-04-30
4205;Xenoverse;2019-08-01;2019-08-02;2020-01-28;2020-01-29;2020-07-31;2020-08-01
4178;CPUcoin;2019-09-02;2019-09-03;2020-02-29;2020-03-01;2020-09-01;2020-09-02
5025;Crypto Jade;2020-04-26;2020-04-27;2020-10-23;2020-10-24;2021-04-26;2021-04-27
5019;Global Crypto Alliance;2019-12-20;2019-12-21;2020-06-17;2020-06-18;2020-12-19;2020-12-20
4792;Agora;2019-10-16;2019-10-17;2020-04-13;2020-04-14;2020-10-15;2020-10-16
3369;Kuende;2019-05-21;2019-05-22;2019-11-17;2019-11-18;2020-05-20;2020-05-21
3501;CryptoSoul;2018-10-25;2018-10-26;2019-04-23;2019-04-24;2019-10-25;2019-10-26
3509;Provoco;2018-10-26;2018-10-27;2019-04-24;2019-04-25;2019-10-26;2019-10-27
4116;Tokpie;2019-10-11;2019-10-12;2020-04-08;2020-04-09;2020-10-10;2020-10-11
3209;4NEW;2018-08-22;2018-08-23;2019-02-18;2019-02-19;2019-08-22;2019-08-23
4272;Taklimakan Network;2019-09-04;2019-09-05;2020-03-02;2020-03-03;2020-09-03;2020-09-04
2747;BlockMesh;2018-05-21;2018-05-22;2018-11-17;2018-11-18;2019-05-21;2019-05-22
3760;Scanetchain;2019-02-22;2019-02-23;2019-08-21;2019-08-22;2020-02-22;2020-02-23
3805;BoatPilot;2019-03-20;2019-03-21;2019-09-16;2019-09-17;2020-03-19;2020-03-20
3027;Webcoin;2018-08-02;2018-08-03;2019-01-29;2019-01-30;2019-08-02;2019-08-03
4207;Birdchain;2019-08-02;2019-08-03;2020-01-29;2020-01-30;2020-08-01;2020-08-02
4577;Lunch Money;2020-06-29;2020-06-30;2020-12-26;2020-12-27;2021-06-29;2021-06-30
3935;Sparkpoint;2019-05-14;2019-05-15;2019-11-10;2019-11-11;2020-05-13;2020-05-14
2704;Transcodium;2018-05-04;2018-05-05;2018-10-31;2018-11-01;2019-05-04;2019-05-05
2752;Datarius;2018-05-21;2018-05-22;2018-11-17;2018-11-18;2019-05-21;2019-05-22
4287;Jobchain;2019-12-23;2019-12-24;2020-06-20;2020-06-21;2020-12-22;2020-12-23
2977;BitRewards;2018-07-25;2018-07-26;2019-01-21;2019-01-22;2019-07-25;2019-07-26
3505;Typerium;2018-10-25;2018-10-26;2019-04-23;2019-04-24;2019-10-25;2019-10-26
3779;CoTrader;2019-03-07;2019-03-08;2019-09-03;2019-09-04;2020-03-06;2020-03-07
3615;HyperQuant;2018-11-27;2018-11-28;2019-05-26;2019-05-27;2019-11-27;2019-11-28
4144;Truefeedback;2019-09-25;2019-09-26;2020-03-23;2020-03-24;2020-09-24;2020-09-25
4867;BeatzCoin;2019-11-05;2019-11-06;2020-05-03;2020-05-04;2020-11-04;2020-11-05
3422;Shping;2018-10-10;2018-10-11;2019-04-08;2019-04-09;2019-10-10;2019-10-11
4298;Rapidz;2019-10-17;2019-10-18;2020-04-14;2020-04-15;2020-10-16;2020-10-17
3465;Alt.Estate;2018-10-17;2018-10-18;2019-04-15;2019-04-16;2019-10-17;2019-10-18
4647;PUBLISH;2019-09-17;2019-09-18;2020-03-15;2020-03-16;2020-09-16;2020-09-17
2705;Amon;2018-05-03;2018-05-04;2018-10-30;2018-10-31;2019-05-03;2019-05-04
2660;Aditus;2018-04-23;2018-04-24;2018-10-20;2018-10-21;2019-04-23;2019-04-24
3758;Max Crowdfund;2019-02-22;2019-02-23;2019-08-21;2019-08-22;2020-02-22;2020-02-23
3809;Dos Network;2019-03-22;2019-03-23;2019-09-18;2019-09-19;2020-03-21;2020-03-22
2889;Bob's Repair;2018-07-03;2018-07-04;2018-12-30;2018-12-31;2019-07-03;2019-07-04
3241;FortKnoxster;2018-08-30;2018-08-31;2019-02-26;2019-02-27;2019-08-30;2019-08-31
4777;Azbit;2019-10-13;2019-10-14;2020-04-10;2020-04-11;2020-10-12;2020-10-13
3159;Apollon;2018-08-13;2018-08-14;2019-02-09;2019-02-10;2019-08-13;2019-08-14
3302;UChain;2018-09-17;2018-09-18;2019-03-16;2019-03-17;2019-09-17;2019-09-18
4233;Membrana;2019-08-08;2019-08-09;2020-02-04;2020-02-05;2020-08-07;2020-08-08
1172;Safex;2016-02-16;2016-02-17;2016-08-14;2016-08-15;2017-02-15;2017-02-16
3011;BitScreener;2018-07-31;2018-08-01;2019-01-27;2019-01-28;2019-07-31;2019-08-01
3506;IonChain;2018-10-26;2018-10-27;2019-04-24;2019-04-25;2019-10-26;2019-10-27
3597;InterValue;2018-11-07;2018-11-08;2019-05-06;2019-05-07;2019-11-07;2019-11-08
5086;Pawtocol;2020-06-10;2020-06-11;2020-12-07;2020-12-08;2021-06-10;2021-06-11
2775;Faceter;2018-05-28;2018-05-29;2018-11-24;2018-11-25;2019-05-28;2019-05-29
4134;Akropolis;2019-07-19;2019-07-20;2020-01-15;2020-01-16;2020-07-18;2020-07-19
2880;Rate3;2018-06-27;2018-06-28;2018-12-24;2018-12-25;2019-06-27;2019-06-28
3492;VETRI;2018-10-23;2018-10-24;2019-04-21;2019-04-22;2019-10-23;2019-10-24
3120;Owndata;2018-08-08;2018-08-09;2019-02-04;2019-02-05;2019-08-08;2019-08-09
3819;GAMB;2019-03-26;2019-03-27;2019-09-22;2019-09-23;2020-03-25;2020-03-26
2869;Merculet;2018-06-20;2018-06-21;2018-12-17;2018-12-18;2019-06-20;2019-06-21
3816;Verasity;2019-04-03;2019-04-04;2019-09-30;2019-10-01;2020-04-02;2020-04-03
3016;Neurochain;2018-08-01;2018-08-02;2019-01-28;2019-01-29;2019-08-01;2019-08-02
2909;LikeCoin;2018-07-10;2018-07-11;2019-01-06;2019-01-07;2019-07-10;2019-07-11
3625;Quadrant;2018-12-04;2018-12-05;2019-06-02;2019-06-03;2019-12-04;2019-12-05
3831;Safe Haven;2019-04-02;2019-04-03;2019-09-29;2019-09-30;2020-04-01;2020-04-02
2885;Egretia;2018-07-02;2018-07-03;2018-12-29;2018-12-30;2019-07-02;2019-07-03
3639;Play Game;2018-12-18;2018-12-19;2019-06-16;2019-06-17;2019-12-18;2019-12-19
2998;Vexanium;2018-07-31;2018-08-01;2019-01-27;2019-01-28;2019-07-31;2019-08-01
3711;Plair;2019-01-28;2019-01-29;2019-07-27;2019-07-28;2020-01-28;2020-01-29
2982;MVLchain;2018-07-27;2018-07-28;2019-01-23;2019-01-24;2019-07-27;2019-07-28
2764;Silent Notary;2018-05-22;2018-05-23;2018-11-18;2018-11-19;2019-05-22;2019-05-23
2938;Hashgard;2018-07-18;2018-07-19;2019-01-14;2019-01-15;2019-07-18;2019-07-19
2916;Nimiq;2018-07-26;2018-07-27;2019-01-22;2019-01-23;2019-07-26;2019-07-27
3140;Ubex;2018-08-13;2018-08-14;2019-02-09;2019-02-10;2019-08-13;2019-08-14
3712;Cloudbric;2019-01-30;2019-01-31;2019-07-29;2019-07-30;2020-01-30;2020-01-31
3768;Pibble;2019-02-28;2019-03-01;2019-08-27;2019-08-28;2020-02-28;2020-02-29
2891;Cardstack;2018-07-03;2018-07-04;2018-12-30;2018-12-31;2019-07-03;2019-07-04
2850;Traxia;2018-06-08;2018-06-09;2018-12-05;2018-12-06;2019-06-08;2019-06-09
4974;Exmo Coin;2019-12-04;2019-12-05;2020-06-01;2020-06-02;2020-12-03;2020-12-04
2626;Friendz;2018-04-04;2018-04-05;2018-10-01;2018-10-02;2019-04-04;2019-04-05
3054;DACSEE;2018-08-02;2018-08-03;2019-01-29;2019-01-30;2019-08-02;2019-08-03
4804;Roobee;2019-10-17;2019-10-18;2020-04-14;2020-04-15;2020-10-16;2020-10-17
2316;DeepBrain Chain;2017-12-28;2017-12-29;2018-06-26;2018-06-27;2018-12-28;2018-12-29
4754;INLOCK;2019-11-01;2019-11-02;2020-04-29;2020-04-30;2020-10-31;2020-11-01
2525;Alphacat;2018-02-15;2018-02-16;2018-08-14;2018-08-15;2019-02-15;2019-02-16
2856;CEEK;2018-06-11;2018-06-12;2018-12-08;2018-12-09;2019-06-11;2019-06-12
3634;Kambria;2018-12-13;2018-12-14;2019-06-11;2019-06-12;2019-12-13;2019-12-14
2537;Gems;2018-02-20;2018-02-21;2018-08-19;2018-08-20;2019-02-20;2019-02-21
2828;SPINDLE;2018-05-28;2018-05-29;2018-11-24;2018-11-25;2019-05-28;2019-05-29
5662;Sylo;2020-06-05;2020-06-06;2020-12-02;2020-12-03;2021-06-05;2021-06-06
3142;BaaSid;2018-08-10;2018-08-11;2019-02-06;2019-02-07;2019-08-10;2019-08-11
2610;Peculium;2018-03-25;2018-03-26;2018-09-21;2018-09-22;2019-03-25;2019-03-26
3853;MultiVAC;2019-04-11;2019-04-12;2019-10-08;2019-10-09;2020-04-10;2020-04-11
3722;TEMCO;2019-02-04;2019-02-05;2019-08-03;2019-08-04;2020-02-04;2020-02-05
2634;XinFin;2018-04-13;2018-04-14;2018-10-10;2018-10-11;2019-04-13;2019-04-14
2567;DATx;2018-03-08;2018-03-09;2018-09-04;2018-09-05;2019-03-08;2019-03-09
2630;PolySwarm;2018-04-10;2018-04-11;2018-10-07;2018-10-08;2019-04-10;2019-04-11
7244;SaTT;2020-09-29;2020-09-30;2021-03-28;2021-03-29;2021-09-29;2021-09-30
4957;Minter;2020-04-22;2020-04-23;2020-10-19;2020-10-20;2021-04-22;2021-04-23
2450;carVertical;2018-01-22;2018-01-23;2018-07-21;2018-07-22;2019-01-22;2019-01-23
3783;Ankr;2019-03-06;2019-03-07;2019-09-02;2019-09-03;2020-03-05;2020-03-06
2572;BABB;2018-03-09;2018-03-10;2018-09-05;2018-09-06;2019-03-09;2019-03-10
3600;Humanscape;2018-11-08;2018-11-09;2019-05-07;2019-05-08;2019-11-08;2019-11-09
3164;PumaPay;2018-08-13;2018-08-14;2019-02-09;2019-02-10;2019-08-13;2019-08-14
3946;Carry;2019-05-17;2019-05-18;2019-11-13;2019-11-14;2020-05-16;2020-05-17
2765;XYO Network;2018-05-22;2018-05-23;2018-11-18;2018-11-19;2019-05-22;2019-05-23
3731;PlayChip;2019-02-08;2019-02-09;2019-08-07;2019-08-08;2020-02-08;2020-02-09
3126;ProximaX;2018-08-09;2018-08-10;2019-02-05;2019-02-06;2019-08-09;2019-08-10
3795;Zeon Network;2019-03-15;2019-03-16;2019-09-11;2019-09-12;2020-03-14;2020-03-15
2394;Telcoin;2018-01-15;2018-01-16;2018-07-14;2018-07-15;2019-01-15;2019-01-16
4948;Nervos;2019-11-19;2019-11-20;2020-05-17;2020-05-18;2020-11-18;2020-11-19
1876;Dentacoin;2017-08-11;2017-08-12;2018-02-07;2018-02-08;2018-08-11;2018-08-12
1993;Kin;2017-09-27;2017-09-28;2018-03-26;2018-03-27;2018-09-27;2018-09-28
2682;Holo;2018-04-30;2018-05-01;2018-10-27;2018-10-28;2019-04-30;2019-05-01
3718;BitTorrent;2019-01-31;2019-02-01;2019-07-30;2019-07-31;2020-01-31;2020-02-01